UserID,Cluster
1,1
2,2
3,1
4,1
5,1
6,1
7,1
8,1
9,1
10,0
11,1
12,1
13,1
14,1
15,2
16,1
17,2
18,2
19,2
20,1
21,1
22,2
23,2
24,2
25,1
26,2
27,1
28,1
29,1
30,1
31,1
32,1
33,2
34,2
35,1
36,0
37,1
38,1
39,1
40,1
41,1
42,2
43,1
44,2
45,1
46,1
47,1
48,0
49,1
50,1
51,1
52,1
53,0
54,1
55,1
56,1
57,1
58,0
59,2
60,1
61,1
62,0
63,1
64,1
65,2
66,1
67,1
68,1
69,1
70,1
71,1
72,1
73,2
74,1
75,1
76,1
77,1
78,1
79,1
80,1
81,1
82,2
83,1
84,1
85,1
86,1
87,1
88,1
89,1
90,2
91,1
92,2
93,2
94,1
95,1
96,1
97,1
98,1
99,1
100,1
101,2
102,1
103,1
104,1
105,1
106,1
107,1
108,1
109,1
110,1
111,1
112,1
113,1
114,1
115,1
116,1
117,2
118,2
119,1
120,1
121,1
122,1
123,0
124,1
125,1
126,1
127,2
128,1
129,2
130,2
131,2
132,1
133,2
134,1
135,1
136,2
137,2
138,1
139,2
140,1
141,1
142,1
143,1
144,1
145,1
146,0
147,2
148,0
149,0
150,2
151,0
152,1
153,1
154,1
155,1
156,1
157,0
158,1
159,1
160,1
161,2
162,1
163,2
164,1
165,1
166,0
167,1
168,1
169,0
170,1
171,1
172,1
173,0
174,1
175,2
176,1
177,1
178,1
179,1
180,1
181,2
182,1
183,1
184,1
185,1
186,2
187,2
188,1
189,1
190,2
191,1
192,0
193,2
194,1
195,0
196,1
197,1
198,0
199,2
200,1
201,1
202,0
203,1
204,0
205,2
206,1
207,1
208,2
209,1
210,1
211,1
212,2
213,1
214,1
215,1
216,0
217,1
218,1
219,1
220,1
221,1
222,1
223,2
224,2
225,0
226,1
227,1
228,1
229,1
230,2
231,2
232,1
233,1
234,1
235,0
236,1
237,2
238,2
239,1
240,2
241,1
242,2
243,1
244,1
245,0
246,1
247,1
248,1
249,2
250,1
251,1
252,1
253,1
254,1
255,2
256,1
257,1
258,2
259,2
260,2
261,2
262,1
263,2
264,0
265,1
266,1
267,1
268,2
269,1
270,2
271,2
272,0
273,2
274,2
275,1
276,1
277,1
278,1
279,1
280,1
281,1
282,1
283,1
284,2
285,1
286,1
287,1
288,1
289,1
290,1
291,1
292,1
293,2
294,1
295,2
296,1
297,1
298,1
299,1
300,2
301,0
302,0
303,2
304,1
305,1
306,2
307,2
308,0
309,2
310,2
311,1
312,1
313,1
314,2
315,1
316,1
317,1
318,1
319,0
320,1
321,2
322,1
323,1
324,1
325,1
326,2
327,1
328,1
329,0
330,1
331,0
332,1
333,2
334,1
335,1
336,1
337,2
338,0
339,1
340,1
341,1
342,2
343,2
344,1
345,1
346,2
347,1
348,1
349,2
350,1
351,1
352,0
353,1
354,1
355,2
356,1
357,1
358,1
359,1
360,1
361,1
362,1
363,1
364,1
365,1
366,2
367,1
368,2
369,1
370,1
371,1
372,2
373,1
374,1
375,1
376,1
377,2
378,1
379,1
380,2
381,1
382,1
383,1
384,1
385,2
386,2
387,1
388,1
389,1
390,1
391,1
392,0
393,1
394,1
395,1
396,2
397,1
398,2
399,1
400,1
401,1
402,2
403,2
404,1
405,1
406,2
407,1
408,2
409,2
410,1
411,0
412,0
413,1
414,1
415,2
416,1
417,1
418,1
419,1
420,1
421,1
422,1
423,1
424,0
425,2
426,2
427,1
428,1
429,2
430,1
431,1
432,1
433,1
434,1
435,2
436,2
437,1
438,0
439,1
440,1
441,1
442,0
443,1
444,1
445,2
446,1
447,1
448,1
449,1
450,1
451,2
452,2
453,0
454,2
455,1
456,2
457,2
458,1
459,1
460,1
461,0
462,2
463,1
464,1
465,1
466,2
467,1
468,1
469,1
470,1
471,1
472,1
473,1
474,2
475,2
476,0
477,2
478,1
479,2
480,1
481,2
482,0
483,1
484,1
485,1
486,1
487,1
488,1
489,1
490,1
491,1
492,1
493,1
494,2
495,1
496,2
497,1
498,2
499,2
500,1
501,1
502,1
503,1
504,1
505,2
506,1
507,1
508,2
509,0
510,1
511,1
512,1
513,1
514,1
515,2
516,2
517,1
518,2
519,1
520,2
521,1
522,1
523,2
524,0
525,1
526,1
527,1
528,0
529,2
530,2
531,0
532,1
533,0
534,1
535,1
536,2
537,1
538,1
539,2
540,1
541,2
542,1
543,0
544,1
545,1
546,2
547,1
548,1
549,0
550,0
551,2
552,1
553,1
554,1
555,1
556,2
557,1
558,2
559,1
560,2
561,1
562,1
563,2
564,1
565,1
566,2
567,1
568,1
569,1
570,1
571,2
572,1
573,1
574,1
575,2
576,1
577,2
578,1
579,1
580,1
581,1
582,1
583,2
584,1
585,2
586,1
587,2
588,0
589,1
590,1
591,2
592,1
593,1
594,1
595,1
596,1
597,1
598,1
599,1
600,1
601,2
602,2
603,1
604,2
605,1
606,1
607,1
608,1
609,1
610,2
611,2
612,1
613,1
614,1
615,2
616,1
617,1
618,1
619,1
620,1
621,1
622,1
623,2
624,0
625,1
626,1
627,1
628,1
629,1
630,1
631,2
632,1
633,1
634,1
635,1
636,1
637,0
638,2
639,2
640,1
641,2
642,1
643,1
644,1
645,1
646,2
647,2
648,2
649,1
650,1
651,0
652,1
653,1
654,2
655,2
656,2
657,1
658,1
659,1
660,0
661,1
662,1
663,1
664,2
665,1
666,1
667,1
668,1
669,0
670,1
671,2
672,1
673,2
674,2
675,1
676,2
677,2
678,0
679,1
680,1
681,1
682,1
683,1
684,1
685,2
686,1
687,2
688,1
689,1
690,2
691,1
692,0
693,1
694,1
695,2
696,0
697,2
698,2
699,0
700,1
701,1
702,0
703,1
704,1
705,1
706,1
707,1
708,1
709,1
710,0
711,2
712,2
713,2
714,0
715,1
716,0
717,1
718,2
719,1
720,2
721,0
722,1
723,1
724,1
725,1
726,1
727,2
728,1
729,2
730,1
731,0
732,1
733,2
734,1
735,0
736,2
737,2
738,1
739,2
740,1
741,1
742,1
743,1
744,2
745,1
746,2
747,1
748,1
749,0
750,1
751,1
752,0
753,2
754,2
755,2
756,1
757,0
758,1
759,1
760,1
761,1
762,1
763,1
764,2
765,0
766,1
767,2
768,1
769,1
770,0
771,1
772,1
773,1
774,2
775,1
776,1
777,2
778,2
779,1
780,0
781,2
782,1
783,1
784,1
785,1
786,1
787,1
788,2
789,1
790,1
791,0
792,1
793,2
794,1
795,1
796,2
797,1
798,2
799,1
800,2
801,2
802,0
803,1
804,1
805,1
806,1
807,1
808,2
809,1
810,2
811,1
812,1
813,1
814,1
815,1
816,2
817,0
818,2
819,1
820,1
821,1
822,2
823,1
824,2
825,1
826,1
827,1
828,1
829,2
830,1
831,1
832,1
833,1
834,1
835,1
836,1
837,1
838,1
839,0
840,2
841,1
842,1
843,1
844,1
845,1
846,2
847,1
848,1
849,1
850,2
851,1
852,1
853,2
854,2
855,0
856,1
857,1
858,2
859,1
860,1
861,1
862,1
863,1
864,1
865,1
866,1
867,1
868,1
869,0
870,1
871,1
872,1
873,1
874,1
875,1
876,2
877,0
878,1
879,1
880,1
881,0
882,1
883,1
884,1
885,1
886,1
887,1
888,1
889,0
890,2
891,2
892,1
893,1
894,1
895,1
896,1
897,2
898,1
899,2
900,1
901,1
902,1
903,1
904,2
905,2
906,1
907,1
908,1
909,1
910,1
911,0
912,1
913,1
914,1
915,1
916,1
917,1
918,1
919,2
920,1
921,2
922,2
923,1
924,2
925,1
926,1
927,1
928,2
929,0
930,1
931,1
932,1
933,1
934,2
935,2
936,1
937,2
938,1
939,2
940,1
941,1
942,1
943,1
944,1
945,2
946,1
947,1
948,0
949,2
950,1
951,1
952,1
953,2
954,2
955,2
956,1
957,2
958,2
959,1
960,1
961,1
962,1
963,0
964,1
965,1
966,1
967,1
968,1
969,1
970,0
971,2
972,1
973,2
974,1
975,2
976,1
977,2
978,1
979,1
980,1
981,2
982,1
983,1
984,0
985,2
986,1
987,2
988,1
989,1
990,1
991,1
992,1
993,1
994,1
995,1
996,2
997,1
998,1
999,2
1000,1
1001,2
1002,1
1003,1
1004,0
1005,1
1006,1
1007,1
1008,1
1009,1
1010,0
1011,1
1012,1
1013,1
1014,1
1015,0
1016,1
1017,2
1018,2
1019,0
1020,1
1021,2
1022,1
1023,1
1024,1
1025,1
1026,1
1027,1
1028,1
1029,2
1030,2
1031,2
1032,1
1033,1
1034,2
1035,1
1036,1
1037,1
1038,1
1039,1
1040,2
1041,1
1042,1
1043,1
1044,2
1045,1
1046,1
1047,1
1048,1
1049,1
1050,2
1051,0
1052,1
1053,2
1054,1
1055,1
1056,1
1057,2
1058,2
1059,0
1060,1
1061,1
1062,2
1063,2
1064,1
1065,1
1066,1
1067,1
1068,0
1069,2
1070,1
1071,1
1072,1
1073,1
1074,2
1075,1
1076,1
1077,2
1078,1
1079,1
1080,1
1081,1
1082,1
1083,1
1084,2
1085,1
1086,2
1087,0
1088,0
1089,1
1090,1
1091,1
1092,1
1093,1
1094,2
1095,1
1096,1
1097,2
1098,1
1099,2
1100,2
1101,0
1102,1
1103,1
1104,1
1105,2
1106,1
1107,1
1108,1
1109,2
1110,1
1111,1
1112,0
1113,2
1114,1
1115,1
1116,1
1117,0
1118,1
1119,2
1120,0
1121,2
1122,1
1123,1
1124,0
1125,0
1126,1
1127,1
1128,0
1129,2
1130,2
1131,1
1132,2
1133,2
1134,2
1135,2
1136,1
1137,0
1138,1
1139,2
1140,2
1141,2
1142,2
1143,1
1144,1
1145,1
1146,2
1147,2
1148,1
1149,1
1150,0
1151,2
1152,1
1153,1
1154,1
1155,2
1156,1
1157,1
1158,1
1159,1
1160,1
1161,1
1162,1
1163,1
1164,2
1165,2
1166,1
1167,1
1168,2
1169,1
1170,2
1171,1
1172,0
1173,2
1174,1
1175,1
1176,2
1177,1
1178,1
1179,2
1180,1
1181,0
1182,2
1183,2
1184,2
1185,1
1186,2
1187,1
1188,1
1189,1
1190,1
1191,1
1192,1
1193,2
1194,0
1195,1
1196,2
1197,1
1198,1
1199,2
1200,1
1201,1
1202,0
1203,0
1204,1
1205,1
1206,2
1207,2
1208,1
1209,2
1210,1
1211,0
1212,1
1213,1
1214,1
1215,2
1216,2
1217,1
1218,2
1219,2
1220,2
1221,2
1222,1
1223,1
1224,0
1225,1
1226,1
1227,1
1228,2
1229,1
1230,2
1231,2
1232,2
1233,1
1234,1
1235,1
1236,1
1237,1
1238,1
1239,1
1240,1
1241,2
1242,0
1243,2
1244,0
1245,1
1246,0
1247,1
1248,1
1249,1
1250,1
1251,1
1252,1
1253,1
1254,1
1255,2
1256,1
1257,1
1258,1
1259,1
1260,0
1261,2
1262,1
1263,2
1264,0
1265,2
1266,0
1267,2
1268,2
1269,1
1270,1
1271,2
1272,2
1273,2
1274,0
1275,1
1276,1
1277,1
1278,1
1279,2
1280,1
1281,1
1282,1
1283,1
1284,2
1285,0
1286,1
1287,1
1288,1
1289,1
1290,1
1291,2
1292,1
1293,1
1294,2
1295,1
1296,1
1297,0
1298,0
1299,2
1300,1
1301,2
1302,1
1303,0
1304,2
1305,1
1306,0
1307,1
1308,1
1309,1
1310,1
1311,2
1312,1
1313,1
1314,1
1315,1
1316,1
1317,0
1318,1
1319,1
1320,2
1321,2
1322,0
1323,1
1324,1
1325,2
1326,1
1327,1
1328,2
1329,2
1330,1
1331,1
1332,1
1333,0
1334,1
1335,2
1336,1
1337,1
1338,2
1339,2
1340,0
1341,1
1342,1
1343,2
1344,1
1345,1
1346,1
1347,2
1348,1
1349,1
1350,1
1351,1
1352,1
1353,1
1354,0
1355,1
1356,2
1357,1
1358,2
1359,1
1360,1
1361,1
1362,2
1363,1
1364,1
1365,1
1366,1
1367,2
1368,1
1369,0
1370,1
1371,1
1372,1
1373,1
1374,1
1375,1
1376,1
1377,2
1378,1
1379,1
1380,2
1381,1
1382,1
1383,0
1384,1
1385,1
1386,1
1387,2
1388,1
1389,0
1390,2
1391,2
1392,2
1393,2
1394,1
1395,2
1396,2
1397,1
1398,1
1399,2
1400,1
1401,1
1402,1
1403,1
1404,2
1405,1
1406,1
1407,2
1408,1
1409,2
1410,1
1411,1
1412,1
1413,2
1414,1
1415,2
1416,1
1417,1
1418,2
1419,1
1420,2
1421,2
1422,0
1423,1
1424,1
1425,0
1426,0
1427,2
1428,1
1429,1
1430,2
1431,1
1432,1
1433,1
1434,1
1435,1
1436,1
1437,2
1438,1
1439,1
1440,2
1441,1
1442,2
1443,1
1444,1
1445,1
1446,1
1447,0
1448,0
1449,0
1450,1
1451,0
1452,1
1453,1
1454,1
1455,1
1456,1
1457,2
1458,1
1459,1
1460,1
1461,1
1462,1
1463,1
1464,2
1465,0
1466,2
1467,1
1468,1
1469,1
1470,2
1471,1
1472,2
1473,2
1474,1
1475,1
1476,1
1477,1
1478,1
1479,1
1480,1
1481,1
1482,1
1483,2
1484,2
1485,1
1486,1
1487,1
1488,1
1489,2
1490,2
1491,2
1492,1
1493,1
1494,1
1495,1
1496,0
1497,2
1498,2
1499,2
1500,1
1501,0
1502,2
1503,2
1504,1
1505,2
1506,1
1507,1
1508,1
1509,2
1510,1
1511,1
1512,1
1513,2
1514,2
1515,1
1516,2
1517,1
1518,1
1519,1
1520,1
1521,1
1522,1
1523,1
1524,2
1525,1
1526,1
1527,1
1528,1
1529,1
1530,0
1531,1
1532,1
1533,1
1534,1
1535,1
1536,1
1537,1
1538,1
1539,1
1540,1
1541,1
1542,2
1543,2
1544,2
1545,2
1546,0
1547,1
1548,1
1549,1
1550,1
1551,2
1552,2
1553,1
1554,1
1555,1
1556,2
1557,1
1558,1
1559,1
1560,2
1561,2
1562,1
1563,1
1564,1
1565,1
1566,1
1567,1
1568,1
1569,1
1570,1
1571,2
1572,1
1573,1
1574,1
1575,1
1576,1
1577,2
1578,1
1579,0
1580,1
1581,1
1582,1
1583,1
1584,0
1585,1
1586,0
1587,0
1588,1
1589,1
1590,1
1591,0
1592,2
1593,2
1594,1
1595,2
1596,1
1597,2
1598,2
1599,0
1600,2
1601,2
1602,2
1603,1
1604,1
1605,0
1606,2
1607,2
1608,1
1609,2
1610,1
1611,0
1612,1
1613,0
1614,1
1615,1
1616,2
1617,2
1618,1
1619,1
1620,1
1621,1
1622,1
1623,1
1624,2
1625,1
1626,2
1627,1
1628,0
1629,1
1630,1
1631,2
1632,0
1633,1
1634,1
1635,0
1636,1
1637,1
1638,1
1639,0
1640,1
1641,2
1642,1
1643,2
1644,1
1645,0
1646,1
1647,0
1648,1
1649,1
1650,2
1651,1
1652,1
1653,1
1654,1
1655,2
1656,1
1657,1
1658,2
1659,1
1660,1
1661,1
1662,1
1663,1
1664,1
1665,1
1666,2
1667,2
1668,1
1669,1
1670,1
1671,0
1672,1
1673,1
1674,1
1675,2
1676,0
1677,1
1678,1
1679,1
1680,0
1681,2
1682,1
1683,1
1684,1
1685,0
1686,1
1687,2
1688,1
1689,2
1690,1
1691,1
1692,2
1693,2
1694,0
1695,2
1696,2
1697,0
1698,0
1699,2
1700,1
1701,0
1702,1
1703,1
1704,1
1705,1
1706,2
1707,1
1708,1
1709,1
1710,1
1711,1
1712,0
1713,1
1714,2
1715,1
1716,2
1717,2
1718,1
1719,1
1720,1
1721,1
1722,2
1723,2
1724,2
1725,1
1726,2
1727,0
1728,1
1729,1
1730,1
1731,1
1732,1
1733,0
1734,1
1735,1
1736,1
1737,0
1738,1
1739,1
1740,1
1741,0
1742,1
1743,1
1744,2
1745,1
1746,2
1747,1
1748,0
1749,2
1750,1
1751,1
1752,0
1753,2
1754,1
1755,2
1756,1
1757,2
1758,0
1759,2
1760,1
1761,1
1762,1
1763,1
1764,0
1765,1
1766,1
1767,2
1768,1
1769,1
1770,1
1771,1
1772,1
1773,1
1774,1
1775,2
1776,2
1777,1
1778,0
1779,1
1780,0
1781,1
1782,1
1783,1
1784,1
1785,1
1786,1
1787,1
1788,1
1789,1
1790,0
1791,1
1792,1
1793,2
1794,2
1795,1
1796,2
1797,2
1798,1
1799,1
1800,2
1801,1
1802,2
1803,2
1804,1
1805,2
1806,2
1807,2
1808,1
1809,1
1810,1
1811,1
1812,0
1813,1
1814,1
1815,1
1816,1
1817,1
1818,1
1819,2
1820,2
1821,1
1822,1
1823,1
1824,1
1825,1
1826,1
1827,1
1828,1
1829,1
1830,1
1831,1
1832,1
1833,1
1834,1
1835,0
1836,0
1837,0
1838,1
1839,1
1840,1
1841,2
1842,0
1843,1
1844,1
1845,1
1846,1
1847,1
1848,1
1849,1
1850,1
1851,2
1852,1
1853,2
1854,2
1855,1
1856,2
1857,1
1858,1
1859,1
1860,2
1861,0
1862,1
1863,1
1864,1
1865,2
1866,2
1867,1
1868,1
1869,1
1870,2
1871,2
1872,1
1873,2
1874,1
1875,2
1876,1
1877,1
1878,1
1879,2
1880,0
1881,1
1882,2
1883,2
1884,0
1885,1
1886,1
1887,1
1888,1
1889,0
1890,2
1891,2
1892,1
1893,1
1894,1
1895,1
1896,2
1897,0
1898,1
1899,0
1900,1
1901,2
1902,2
1903,2
1904,2
1905,1
1906,1
1907,1
1908,1
1909,1
1910,1
1911,1
1912,0
1913,1
1914,1
1915,1
1916,2
1917,1
1918,1
1919,1
1920,0
1921,1
1922,0
1923,1
1924,1
1925,2
1926,0
1927,1
1928,2
1929,1
1930,2
1931,1
1932,1
1933,1
1934,1
1935,1
1936,1
1937,2
1938,2
1939,2
1940,1
1941,0
1942,1
1943,0
1944,1
1945,1
1946,1
1947,2
1948,2
1949,2
1950,1
1951,1
1952,2
1953,1
1954,2
1955,1
1956,1
1957,1
1958,0
1959,1
1960,2
1961,1
1962,2
1963,1
1964,1
1965,1
1966,1
1967,1
1968,2
1969,0
1970,1
1971,1
1972,1
1973,1
1974,0
1975,1
1976,1
1977,1
1978,2
1979,1
1980,0
1981,1
1982,1
1983,0
1984,2
1985,2
1986,1
1987,1
1988,0
1989,1
1990,1
1991,1
1992,1
1993,1
1994,1
1995,1
1996,2
1997,1
1998,2
1999,1
2000,1
2001,1
2002,2
2003,1
2004,1
2005,1
2006,1
2007,1
2008,2
2009,1
2010,0
2011,2
2012,0
2013,1
2014,1
2015,0
2016,2
2017,2
2018,0
2019,1
2020,0
2021,2
2022,2
2023,2
2024,2
2025,2
2026,1
2027,2
2028,1
2029,2
2030,0
2031,2
2032,1
2033,1
2034,1
2035,2
2036,1
2037,1
2038,0
2039,1
2040,1
2041,0
2042,2
2043,1
2044,1
2045,1
2046,1
2047,2
2048,1
2049,1
2050,2
2051,2
2052,1
2053,1
2054,2
2055,2
2056,2
2057,1
2058,1
2059,2
2060,2
2061,1
2062,1
2063,0
2064,2
2065,1
2066,1
2067,1
2068,2
2069,1
2070,2
2071,2
2072,2
2073,0
2074,1
2075,1
2076,1
2077,0
2078,1
2079,1
2080,1
2081,1
2082,1
2083,1
2084,2
2085,1
2086,1
2087,1
2088,2
2089,1
2090,2
2091,2
2092,0
2093,1
2094,1
2095,1
2096,2
2097,1
2098,2
2099,1
2100,2
2101,1
2102,0
2103,1
2104,1
2105,0
2106,0
2107,1
2108,1
2109,0
2110,2
2111,1
2112,1
2113,1
2114,2
2115,1
2116,0
2117,1
2118,1
2119,2
2120,2
2121,1
2122,2
2123,1
2124,0
2125,2
2126,1
2127,1
2128,1
2129,2
2130,1
2131,2
2132,1
2133,1
2134,1
2135,1
2136,1
2137,1
2138,1
2139,1
2140,2
2141,1
2142,1
2143,1
2144,1
2145,2
2146,1
2147,1
2148,2
2149,1
2150,1
2151,1
2152,1
2153,2
2154,1
2155,1
2156,2
2157,2
2158,2
2159,1
2160,1
2161,1
2162,2
2163,1
2164,0
2165,2
2166,2
2167,1
2168,2
2169,1
2170,1
2171,1
2172,2
2173,2
2174,1
2175,2
2176,2
2177,2
2178,2
2179,1
2180,2
2181,0
2182,1
2183,1
2184,1
2185,2
2186,2
2187,2
2188,2
2189,1
2190,2
2191,1
2192,2
2193,1
2194,1
2195,2
2196,1
2197,1
2198,1
2199,1
2200,1
2201,1
2202,1
2203,0
2204,1
2205,0
2206,2
2207,1
2208,2
2209,1
2210,1
2211,2
2212,1
2213,1
2214,1
2215,2
2216,1
2217,1
2218,1
2219,2
2220,1
2221,2
2222,2
2223,0
2224,1
2225,2
2226,1
2227,1
2228,1
2229,1
2230,1
2231,2
2232,2
2233,2
2234,1
2235,1
2236,1
2237,0
2238,1
2239,2
2240,2
2241,1
2242,2
2243,1
2244,2
2245,1
2246,2
2247,2
2248,1
2249,1
2250,1
2251,0
2252,1
2253,1
2254,1
2255,2
2256,1
2257,1
2258,2
2259,2
2260,1
2261,2
2262,2
2263,2
2264,2
2265,2
2266,1
2267,1
2268,1
2269,1
2270,1
2271,2
2272,2
2273,1
2274,1
2275,1
2276,1
2277,1
2278,1
2279,2
2280,1
2281,1
2282,2
2283,1
2284,1
2285,1
2286,1
2287,1
2288,0
2289,1
2290,2
2291,1
2292,1
2293,2
2294,1
2295,1
2296,1
2297,1
2298,1
2299,1
2300,1
2301,1
2302,2
2303,2
2304,0
2305,1
2306,1
2307,2
2308,1
2309,1
2310,1
2311,1
2312,1
2313,1
2314,1
2315,1
2316,2
2317,1
2318,1
2319,1
2320,1
2321,1
2322,1
2323,2
2324,1
2325,1
2326,1
2327,1
2328,1
2329,1
2330,1
2331,1
2332,1
2333,1
2334,2
2335,1
2336,1
2337,1
2338,2
2339,1
2340,0
2341,1
2342,1
2343,1
2344,2
2345,1
2346,1
2347,1
2348,2
2349,1
2350,1
2351,2
2352,1
2353,2
2354,1
2355,1
2356,1
2357,1
2358,1
2359,1
2360,1
2361,1
2362,1
2363,1
2364,1
2365,1
2366,1
2367,1
2368,2
2369,1
2370,1
2371,1
2372,1
2373,1
2374,2
2375,1
2376,0
2377,1
2378,2
2379,1
2380,0
2381,1
2382,1
2383,0
2384,1
2385,1
2386,1
2387,1
2388,1
2389,2
2390,1
2391,1
2392,1
2393,2
2394,1
2395,2
2396,1
2397,1
2398,1
2399,1
2400,1
2401,1
2402,0
2403,2
2404,2
2405,1
2406,1
2407,2
2408,1
2409,1
2410,1
2411,2
2412,1
2413,1
2414,2
2415,1
2416,1
2417,1
2418,1
2419,0
2420,1
2421,1
2422,1
2423,1
2424,2
2425,1
2426,1
2427,1
2428,1
2429,2
2430,1
2431,1
2432,1
2433,1
2434,1
2435,2
2436,0
2437,1
2438,2
2439,1
2440,1
2441,1
2442,1
2443,1
2444,1
2445,2
2446,0
2447,1
2448,1
2449,1
2450,1
2451,1
2452,1
2453,0
2454,2
2455,2
2456,2
2457,0
2458,2
2459,1
2460,1
2461,1
2462,2
2463,1
2464,1
2465,2
2466,2
2467,1
2468,2
2469,1
2470,1
2471,1
2472,2
2473,1
2474,1
2475,1
2476,1
2477,1
2478,2
2479,1
2480,1
2481,2
2482,1
2483,1
2484,0
2485,2
2486,2
2487,1
2488,1
2489,2
2490,1
2491,1
2492,1
2493,1
2494,1
2495,1
2496,2
2497,1
2498,1
2499,1
2500,1
2501,1
2502,1
2503,1
2504,2
2505,1
2506,2
2507,0
2508,1
2509,1
2510,1
2511,1
2512,1
2513,1
2514,1
2515,1
2516,1
2517,1
2518,1
2519,1
2520,1
2521,1
2522,1
2523,2
2524,1
2525,1
2526,2
2527,1
2528,1
2529,0
2530,1
2531,1
2532,1
2533,1
2534,1
2535,1
2536,1
2537,0
2538,1
2539,1
2540,2
2541,1
2542,1
2543,1
2544,0
2545,1
2546,1
2547,2
2548,1
2549,1
2550,1
2551,1
2552,1
2553,1
2554,1
2555,2
2556,1
2557,1
2558,1
2559,2
2560,1
2561,1
2562,2
2563,1
2564,1
2565,2
2566,2
2567,2
2568,1
2569,1
2570,1
2571,1
2572,2
2573,2
2574,1
2575,2
2576,2
2577,1
2578,1
2579,1
2580,1
2581,0
2582,1
2583,0
2584,1
2585,1
2586,1
2587,1
2588,1
2589,2
2590,2
2591,1
2592,0
2593,2
2594,1
2595,2
2596,1
2597,1
2598,1
2599,2
2600,1
2601,1
2602,1
2603,1
2604,1
2605,2
2606,1
2607,1
2608,2
2609,2
2610,1
2611,0
2612,1
2613,1
2614,1
2615,1
2616,1
2617,1
2618,1
2619,1
2620,2
2621,2
2622,1
2623,1
2624,2
2625,1
2626,1
2627,0
2628,1
2629,2
2630,1
2631,1
2632,1
2633,1
2634,2
2635,1
2636,1
2637,1
2638,0
2639,1
2640,1
2641,0
2642,1
2643,0
2644,1
2645,2
2646,1
2647,1
2648,1
2649,2
2650,1
2651,1
2652,1
2653,1
2654,1
2655,1
2656,1
2657,1
2658,1
2659,2
2660,1
2661,1
2662,1
2663,2
2664,2
2665,0
2666,1
2667,1
2668,2
2669,1
2670,2
2671,1
2672,1
2673,1
2674,1
2675,1
2676,2
2677,1
2678,1
2679,0
2680,2
2681,2
2682,1
2683,2
2684,2
2685,2
2686,1
2687,1
2688,2
2689,2
2690,1
2691,2
2692,2
2693,1
2694,1
2695,1
2696,1
2697,1
2698,1
2699,1
2700,2
2701,1
2702,1
2703,1
2704,1
2705,1
2706,1
2707,1
2708,1
2709,1
2710,1
2711,1
2712,1
2713,1
2714,1
2715,1
2716,1
2717,1
2718,1
2719,1
2720,1
2721,1
2722,1
2723,1
2724,1
2725,1
2726,1
2727,1
2728,1
2729,1
2730,2
2731,0
2732,1
2733,1
2734,1
2735,1
2736,1
2737,2
2738,1
2739,1
2740,2
2741,1
2742,1
2743,2
2744,1
2745,2
2746,1
2747,2
2748,2
2749,1
2750,2
2751,1
2752,2
2753,0
2754,1
2755,1
2756,2
2757,1
2758,1
2759,1
2760,1
2761,0
2762,1
2763,1
2764,2
2765,2
2766,1
2767,1
2768,1
2769,2
2770,1
2771,2
2772,2
2773,1
2774,2
2775,1
2776,0
2777,0
2778,1
2779,2
2780,1
2781,2
2782,1
2783,1
2784,2
2785,1
2786,2
2787,2
2788,1
2789,2
2790,2
2791,1
2792,2
2793,0
2794,2
2795,1
2796,2
2797,1
2798,1
2799,1
2800,1
2801,1
2802,1
2803,1
2804,2
2805,1
2806,1
2807,2
2808,2
2809,2
2810,2
2811,1
2812,2
2813,1
2814,2
2815,1
2816,1
2817,2
2818,2
2819,1
2820,0
2821,1
2822,1
2823,1
2824,2
2825,2
2826,2
2827,1
2828,1
2829,1
2830,1
2831,1
2832,2
2833,1
2834,1
2835,1
2836,1
2837,2
2838,1
2839,1
2840,2
2841,0
2842,1
2843,1
2844,1
2845,1
2846,1
2847,2
2848,2
2849,2
2850,1
2851,1
2852,1
2853,1
2854,2
2855,1
2856,1
2857,0
2858,1
2859,2
2860,0
2861,1
2862,1
2863,1
2864,1
2865,1
2866,2
2867,1
2868,2
2869,1
2870,1
2871,1
2872,0
2873,2
2874,1
2875,1
2876,2
2877,1
2878,0
2879,1
2880,2
2881,1
2882,1
2883,1
2884,1
2885,2
2886,1
2887,0
2888,2
2889,2
2890,2
2891,1
2892,1
2893,1
2894,1
2895,0
2896,2
2897,2
2898,1
2899,0
2900,2
2901,2
2902,1
2903,2
2904,1
2905,2
2906,1
2907,0
2908,1
2909,0
2910,1
2911,1
2912,1
2913,2
2914,1
2915,1
2916,1
2917,1
2918,2
2919,2
2920,1
2921,1
2922,1
2923,1
2924,1
2925,1
2926,2
2927,1
2928,0
2929,0
2930,1
2931,2
2932,1
2933,2
2934,0
2935,2
2936,1
2937,1
2938,2
2939,2
2940,1
2941,2
2942,1
2943,2
2944,2
2945,1
2946,2
2947,1
2948,1
2949,1
2950,1
2951,1
2952,2
2953,1
2954,1
2955,2
2956,1
2957,1
2958,1
2959,1
2960,1
2961,1
2962,2
2963,1
2964,1
2965,1
2966,2
2967,0
2968,2
2969,2
2970,1
2971,1
2972,2
2973,1
2974,2
2975,1
2976,1
2977,1
2978,1
2979,1
2980,1
2981,1
2982,1
2983,1
2984,1
2985,2
2986,0
2987,1
2988,1
2989,1
2990,2
2991,1
2992,1
2993,1
2994,2
2995,2
2996,2
2997,2
2998,1
2999,1
3000,1
3001,2
3002,2
3003,1
3004,1
3005,1
3006,1
3007,2
3008,1
3009,1
3010,1
3011,2
3012,2
3013,0
3014,2
3015,1
3016,1
3017,2
3018,0
3019,1
3020,2
3021,1
3022,2
3023,1
3024,2
3025,1
3026,2
3027,1
3028,2
3029,0
3030,1
3031,0
3032,0
3033,2
3034,1
3035,1
3036,2
3037,1
3038,2
3039,1
3040,1
3041,1
3042,1
3043,1
3044,2
3045,2
3046,1
3047,1
3048,1
3049,1
3050,1
3051,2
3052,1
3053,1
3054,0
3055,2
3056,2
3057,2
3058,2
3059,1
3060,1
3061,1
3062,1
3063,1
3064,1
3065,2
3066,1
3067,0
3068,1
3069,2
3070,1
3071,1
3072,1
3073,1
3074,2
3075,2
3076,1
3077,1
3078,1
3079,1
3080,0
3081,0
3082,2
3083,1
3084,1
3085,2
3086,1
3087,2
3088,1
3089,1
3090,1
3091,1
3092,1
3093,1
3094,1
3095,1
3096,2
3097,1
3098,1
3099,2
3100,1
3101,2
3102,1
3103,1
3104,1
3105,2
3106,1
3107,1
3108,0
3109,1
3110,2
3111,1
3112,2
3113,1
3114,1
3115,1
3116,1
3117,1
3118,0
3119,1
3120,1
3121,2
3122,1
3123,2
3124,1
3125,2
3126,1
3127,1
3128,2
3129,0
3130,1
3131,1
3132,1
3133,1
3134,1
3135,1
3136,1
3137,1
3138,2
3139,1
3140,2
3141,1
3142,1
3143,2
3144,1
3145,1
3146,1
3147,2
3148,1
3149,1
3150,1
3151,2
3152,1
3153,1
3154,2
3155,1
3156,1
3157,2
3158,2
3159,2
3160,1
3161,1
3162,1
3163,0
3164,1
3165,1
3166,1
3167,2
3168,1
3169,2
3170,1
3171,1
3172,1
3173,2
3174,1
3175,1
3176,1
3177,1
3178,2
3179,1
3180,2
3181,1
3182,0
3183,1
3184,1
3185,1
3186,1
3187,1
3188,1
3189,0
3190,1
3191,2
3192,2
3193,1
3194,1
3195,2
3196,2
3197,1
3198,1
3199,1
3200,2
3201,0
3202,1
3203,2
3204,1
3205,2
3206,1
3207,1
3208,2
3209,1
3210,1
3211,1
3212,1
3213,2
3214,1
3215,1
3216,2
3217,2
3218,1
3219,1
3220,1
3221,1
3222,1
3223,1
3224,0
3225,1
3226,2
3227,2
3228,2
3229,2
3230,2
3231,2
3232,1
3233,2
3234,1
3235,1
3236,1
3237,1
3238,1
3239,1
3240,1
3241,1
3242,2
3243,2
3244,1
3245,1
3246,1
3247,1
3248,1
3249,1
3250,1
3251,1
3252,1
3253,1
3254,1
3255,1
3256,1
3257,1
3258,1
3259,0
3260,2
3261,0
3262,1
3263,1
3264,1
3265,0
3266,2
3267,1
3268,1
3269,1
3270,2
3271,2
3272,0
3273,1
3274,2
3275,1
3276,1
3277,2
3278,1
3279,1
3280,0
3281,2
3282,1
3283,2
3284,1
3285,0
3286,1
3287,1
3288,1
3289,1
3290,1
3291,1
3292,0
3293,1
3294,1
3295,1
3296,1
3297,1
3298,1
3299,2
3300,0
3301,2
3302,1
3303,1
3304,2
3305,1
3306,1
3307,1
3308,0
3309,2
3310,1
3311,0
3312,0
3313,0
3314,2
3315,2
3316,1
3317,2
3318,1
3319,1
3320,0
3321,1
3322,1
3323,1
3324,1
3325,1
3326,1
3327,2
3328,1
3329,1
3330,1
3331,2
3332,1
3333,2
3334,1
3335,1
3336,0
3337,1
3338,1
3339,1
3340,1
3341,2
3342,1
3343,1
3344,1
3345,1
3346,2
3347,1
3348,1
3349,2
3350,1
3351,1
3352,1
3353,2
3354,1
3355,1
3356,2
3357,1
3358,2
3359,1
3360,1
3361,2
3362,1
3363,2
3364,1
3365,0
3366,1
3367,2
3368,1
3369,1
3370,2
3371,0
3372,1
3373,1
3374,1
3375,1
3376,1
3377,1
3378,2
3379,1
3380,0
3381,1
3382,1
3383,1
3384,1
3385,1
3386,1
3387,1
3388,1
3389,0
3390,1
3391,0
3392,1
3393,2
3394,2
3395,1
3396,1
3397,1
3398,1
3399,2
3400,2
3401,0
3402,2
3403,2
3404,1
3405,1
3406,1
3407,1
3408,2
3409,1
3410,0
3411,2
3412,2
3413,2
3414,2
3415,2
3416,0
3417,1
3418,2
3419,2
3420,2
3421,1
3422,2
3423,2
3424,1
3425,0
3426,1
3427,1
3428,2
3429,1
3430,2
3431,1
3432,1
3433,1
3434,2
3435,2
3436,2
3437,1
3438,1
3439,1
3440,1
3441,2
3442,2
3443,1
3444,1
3445,2
3446,1
3447,1
3448,1
3449,1
3450,2
3451,1
3452,1
3453,2
3454,2
3455,1
3456,1
3457,2
3458,1
3459,1
3460,1
3461,1
3462,0
3463,1
3464,2
3465,1
3466,1
3467,1
3468,1
3469,0
3470,1
3471,0
3472,1
3473,2
3474,2
3475,0
3476,0
3477,1
3478,1
3479,1
3480,1
3481,2
3482,1
3483,0
3484,2
3485,1
3486,1
3487,2
3488,1
3489,1
3490,2
3491,0
3492,1
3493,2
3494,1
3495,1
3496,1
3497,1
3498,1
3499,0
3500,1
3501,2
3502,1
3503,0
3504,2
3505,1
3506,1
3507,0
3508,1
3509,2
3510,1
3511,2
3512,2
3513,2
3514,1
3515,1
3516,2
3517,2
3518,0
3519,0
3520,2
3521,0
3522,1
3523,1
3524,1
3525,1
3526,0
3527,1
3528,1
3529,2
3530,1
3531,1
3532,1
3533,1
3534,1
3535,1
3536,2
3537,1
3538,2
3539,0
3540,2
3541,1
3542,1
3543,1
3544,1
3545,1
3546,2
3547,2
3548,1
3549,1
3550,2
3551,1
3552,1
3553,1
3554,1
3555,1
3556,2
3557,0
3558,0
3559,1
3560,2
3561,2
3562,0
3563,2
3564,1
3565,1
3566,1
3567,1
3568,1
3569,2
3570,1
3571,1
3572,1
3573,1
3574,1
3575,1
3576,0
3577,1
3578,2
3579,2
3580,1
3581,1
3582,1
3583,1
3584,1
3585,2
3586,1
3587,1
3588,2
3589,0
3590,0
3591,2
3592,0
3593,1
3594,2
3595,1
3596,1
3597,1
3598,1
3599,2
3600,0
3601,2
3602,1
3603,2
3604,1
3605,2
3606,1
3607,2
3608,1
3609,1
3610,2
3611,2
3612,2
3613,1
3614,2
3615,1
3616,1
3617,1
3618,0
3619,1
3620,2
3621,2
3622,2
3623,1
3624,2
3625,2
3626,0
3627,1
3628,1
3629,1
3630,2
3631,1
3632,1
3633,1
3634,1
3635,1
3636,1
3637,1
3638,1
3639,1
3640,1
3641,0
3642,1
3643,2
3644,1
3645,1
3646,1
3647,1
3648,0
3649,1
3650,0
3651,2
3652,2
3653,2
3654,2
3655,1
3656,1
3657,1
3658,2
3659,1
3660,1
3661,2
3662,1
3663,1
3664,1
3665,2
3666,1
3667,1
3668,1
3669,0
3670,1
3671,2
3672,2
3673,2
3674,1
3675,0
3676,1
3677,1
3678,1
3679,0
3680,1
3681,0
3682,1
3683,0
3684,2
3685,2
3686,1
3687,1
3688,2
3689,1
3690,2
3691,2
3692,1
3693,0
3694,1
3695,2
3696,2
3697,2
3698,1
3699,1
3700,1
3701,1
3702,1
3703,1
3704,2
3705,0
3706,1
3707,1
3708,1
3709,2
3710,1
3711,1
3712,2
3713,0
3714,1
3715,2
3716,2
3717,2
3718,2
3719,1
3720,1
3721,1
3722,1
3723,1
3724,0
3725,1
3726,2
3727,0
3728,1
3729,0
3730,1
3731,1
3732,2
3733,2
3734,1
3735,2
3736,1
3737,2
3738,1
3739,1
3740,1
3741,2
3742,2
3743,1
3744,1
3745,1
3746,0
3747,1
3748,1
3749,1
3750,1
3751,2
3752,2
3753,1
3754,2
3755,1
3756,0
3757,2
3758,1
3759,1
3760,2
3761,2
3762,2
3763,2
3764,1
3765,1
3766,1
3767,1
3768,0
3769,0
3770,2
3771,2
3772,1
3773,2
3774,1
3775,1
3776,1
3777,2
3778,0
3779,1
3780,2
3781,1
3782,1
3783,1
3784,1
3785,1
3786,1
3787,1
3788,1
3789,2
3790,2
3791,1
3792,0
3793,1
3794,1
3795,1
3796,2
3797,1
3798,1
3799,2
3800,1
3801,1
3802,1
3803,1
3804,1
3805,1
3806,1
3807,2
3808,0
3809,1
3810,1
3811,1
3812,2
3813,1
3814,1
3815,2
3816,2
3817,1
3818,1
3819,2
3820,1
3821,0
3822,2
3823,0
3824,0
3825,0
3826,1
3827,2
3828,1
3829,0
3830,1
3831,1
3832,1
3833,2
3834,0
3835,1
3836,0
3837,2
3838,1
3839,1
3840,1
3841,0
3842,0
3843,1
3844,1
3845,1
3846,1
3847,2
3848,1
3849,1
3850,2
3851,1
3852,1
3853,0
3854,1
3855,1
3856,1
3857,1
3858,2
3859,2
3860,2
3861,1
3862,1
3863,1
3864,2
3865,1
3866,1
3867,1
3868,2
3869,1
3870,1
3871,1
3872,1
3873,1
3874,2
3875,1
3876,1
3877,1
3878,0
3879,1
3880,1
3881,1
3882,1
3883,1
3884,0
3885,0
3886,1
3887,2
3888,2
3889,2
3890,1
3891,1
3892,0
3893,1
3894,2
3895,1
3896,1
3897,1
3898,1
3899,1
3900,0
3901,1
3902,2
3903,1
3904,1
3905,1
3906,1
3907,1
3908,1
3909,1
3910,2
3911,1
3912,2
3913,2
3914,2
3915,1
3916,0
3917,1
3918,1
3919,1
3920,1
3921,1
3922,2
3923,1
3924,1
3925,2
3926,1
3927,1
3928,1
3929,0
3930,2
3931,2
3932,1
3933,1
3934,0
3935,2
3936,1
3937,1
3938,1
3939,1
3940,0
3941,1
3942,0
3943,1
3944,1
3945,0
3946,2
3947,2
3948,1
3949,1
3950,1
3951,2
3952,1
3953,2
3954,1
3955,1
3956,1
3957,0
3958,1
3959,1
3960,1
3961,2
3962,1
3963,0
3964,1
3965,2
3966,1
3967,2
3968,1
3969,1
3970,2
3971,2
3972,1
3973,1
3974,1
3975,1
3976,2
3977,1
3978,2
3979,1
3980,1
3981,2
3982,1
3983,1
3984,1
3985,2
3986,1
3987,1
3988,1
3989,2
3990,1
3991,1
3992,0
3993,2
3994,2
3995,2
3996,2
3997,2
3998,1
3999,0
4000,1
4001,2
4002,1
4003,1
4004,1
4005,2
4006,2
4007,0
4008,1
4009,2
4010,1
4011,1
4012,1
4013,2
4014,1
4015,1
4016,0
4017,1
4018,2
4019,1
4020,1
4021,0
4022,2
4023,1
4024,2
4025,1
4026,2
4027,1
4028,0
4029,1
4030,1
4031,1
4032,2
4033,0
4034,2
4035,1
4036,1
4037,1
4038,1
4039,1
4040,2
4041,0
4042,0
4043,2
4044,1
4045,1
4046,1
4047,1
4048,0
4049,2
4050,2
4051,1
4052,1
4053,0
4054,0
4055,2
4056,1
4057,1
4058,0
4059,1
4060,2
4061,1
4062,2
4063,1
4064,0
4065,1
4066,1
4067,1
4068,1
4069,1
4070,2
4071,1
4072,2
4073,1
4074,1
4075,1
4076,1
4077,2
4078,2
4079,0
4080,2
4081,1
4082,1
4083,0
4084,1
4085,0
4086,2
4087,1
4088,2
4089,0
4090,2
4091,1
4092,1
4093,2
4094,2
4095,1
4096,2
4097,1
4098,1
4099,2
4100,1
4101,1
4102,1
4103,1
4104,2
4105,1
4106,1
4107,0
4108,1
4109,1
4110,1
4111,1
4112,2
4113,1
4114,2
4115,0
4116,2
4117,2
4118,2
4119,1
4120,1
4121,2
4122,2
4123,1
4124,2
4125,1
4126,2
4127,1
4128,1
4129,1
4130,2
4131,1
4132,2
4133,1
4134,1
4135,1
4136,1
4137,1
4138,1
4139,2
4140,0
4141,2
4142,1
4143,1
4144,2
4145,1
4146,1
4147,1
4148,1
4149,1
4150,2
4151,1
4152,2
4153,1
4154,1
4155,1
4156,2
4157,1
4158,1
4159,1
4160,1
4161,2
4162,1
4163,1
4164,1
4165,1
4166,1
4167,0
4168,1
4169,0
4170,1
4171,1
4172,1
4173,1
4174,1
4175,1
4176,1
4177,2
4178,1
4179,2
4180,1
4181,1
4182,1
4183,2
4184,1
4185,1
4186,0
4187,1
4188,1
4189,1
4190,1
4191,1
4192,1
4193,2
4194,2
4195,1
4196,1
4197,1
4198,1
4199,1
4200,1
4201,1
4202,1
4203,2
4204,2
4205,1
4206,1
4207,2
4208,1
4209,1
4210,1
4211,1
4212,1
4213,0
4214,1
4215,2
4216,1
4217,0
4218,1
4219,1
4220,2
4221,1
4222,1
4223,2
4224,2
4225,1
4226,1
4227,0
4228,1
4229,1
4230,1
4231,1
4232,1
4233,2
4234,2
4235,1
4236,1
4237,2
4238,0
4239,1
4240,1
4241,1
4242,1
4243,1
4244,1
4245,1
4246,1
4247,1
4248,1
4249,1
4250,2
4251,1
4252,1
4253,2
4254,1
4255,1
4256,1
4257,1
4258,0
4259,1
4260,2
4261,2
4262,1
4263,1
4264,1
4265,2
4266,1
4267,1
4268,2
4269,2
4270,1
4271,0
4272,1
4273,1
4274,1
4275,1
4276,1
4277,0
4278,1
4279,0
4280,1
4281,2
4282,1
4283,1
4284,1
4285,0
4286,2
4287,2
4288,1
4289,1
4290,1
4291,2
4292,1
4293,1
4294,1
4295,1
4296,1
4297,1
4298,2
4299,1
4300,1
4301,1
4302,2
4303,2
4304,1
4305,0
4306,1
4307,1
4308,1
4309,1
4310,2
4311,1
4312,0
4313,2
4314,1
4315,2
4316,1
4317,1
4318,0
4319,1
4320,2
4321,1
4322,2
4323,1
4324,1
4325,1
4326,1
4327,2
4328,2
4329,2
4330,1
4331,1
4332,1
4333,2
4334,2
4335,0
4336,1
4337,2
4338,1
4339,1
4340,1
4341,1
4342,2
4343,1
4344,0
4345,0
4346,1
4347,1
4348,1
4349,1
4350,1
4351,2
4352,0
4353,2
4354,0
4355,1
4356,2
4357,1
4358,1
4359,1
4360,1
4361,2
4362,2
4363,2
4364,2
4365,1
4366,1
4367,1
4368,2
4369,1
4370,1
4371,1
4372,1
4373,2
4374,2
4375,2
4376,1
4377,1
4378,1
4379,2
4380,1
4381,0
4382,1
4383,1
4384,2
4385,1
4386,0
4387,0
4388,0
4389,1
4390,2
4391,1
4392,1
4393,1
4394,1
4395,1
4396,1
4397,1
4398,1
4399,1
4400,1
4401,2
4402,1
4403,1
4404,2
4405,1
4406,2
4407,2
4408,0
4409,1
4410,1
4411,0
4412,1
4413,1
4414,1
4415,2
4416,2
4417,2
4418,2
4419,1
4420,1
4421,1
4422,2
4423,1
4424,1
4425,0
4426,1
4427,1
4428,1
4429,1
4430,1
4431,1
4432,1
4433,2
4434,1
4435,1
4436,2
4437,2
4438,2
4439,1
4440,1
4441,1
4442,1
4443,1
4444,1
4445,1
4446,2
4447,0
4448,0
4449,2
4450,1
4451,2
4452,2
4453,1
4454,1
4455,1
4456,2
4457,2
4458,2
4459,2
4460,1
4461,2
4462,1
4463,1
4464,1
4465,1
4466,1
4467,1
4468,1
4469,1
4470,2
4471,2
4472,0
4473,2
4474,1
4475,1
4476,2
4477,2
4478,0
4479,1
4480,0
4481,1
4482,0
4483,1
4484,2
4485,1
4486,1
4487,1
4488,2
4489,0
4490,2
4491,2
4492,1
4493,1
4494,1
4495,1
4496,2
4497,0
4498,1
4499,1
4500,1
4501,1
4502,2
4503,1
4504,1
4505,2
4506,0
4507,2
4508,0
4509,2
4510,0
4511,2
4512,2
4513,1
4514,1
4515,1
4516,1
4517,2
4518,1
4519,1
4520,2
4521,2
4522,2
4523,2
4524,2
4525,1
4526,1
4527,1
4528,1
4529,1
4530,1
4531,2
4532,2
4533,1
4534,1
4535,0
4536,1
4537,1
4538,1
4539,1
4540,1
4541,1
4542,1
4543,0
4544,1
4545,1
4546,1
4547,1
4548,1
4549,1
4550,1
4551,1
4552,1
4553,1
4554,1
4555,1
4556,2
4557,1
4558,1
4559,1
4560,2
4561,1
4562,2
4563,1
4564,1
4565,1
4566,2
4567,1
4568,2
4569,1
4570,1
4571,1
4572,1
4573,1
4574,1
4575,1
4576,1
4577,1
4578,0
4579,0
4580,1
4581,1
4582,1
4583,1
4584,1
4585,2
4586,1
4587,1
4588,1
4589,2
4590,1
4591,0
4592,2
4593,2
4594,1
4595,1
4596,2
4597,1
4598,1
4599,1
4600,2
4601,2
4602,1
4603,1
4604,1
4605,1
4606,1
4607,0
4608,1
4609,2
4610,2
4611,2
4612,1
4613,1
4614,1
4615,2
4616,1
4617,1
4618,1
4619,1
4620,1
4621,2
4622,1
4623,1
4624,1
4625,1
4626,0
4627,1
4628,1
4629,1
4630,1
4631,2
4632,1
4633,1
4634,2
4635,2
4636,1
4637,2
4638,1
4639,1
4640,2
4641,1
4642,1
4643,1
4644,1
4645,1
4646,1
4647,0
4648,1
4649,1
4650,1
4651,1
4652,1
4653,2
4654,1
4655,2
4656,2
4657,1
4658,2
4659,2
4660,1
4661,2
4662,1
4663,2
4664,1
4665,1
4666,2
4667,1
4668,1
4669,1
4670,1
4671,2
4672,1
4673,0
4674,1
4675,2
4676,1
4677,1
4678,1
4679,1
4680,2
4681,2
4682,0
4683,1
4684,1
4685,1
4686,2
4687,2
4688,2
4689,1
4690,1
4691,1
4692,1
4693,1
4694,1
4695,1
4696,1
4697,1
4698,1
4699,1
4700,2
4701,1
4702,1
4703,1
4704,2
4705,2
4706,1
4707,1
4708,0
4709,1
4710,1
4711,2
4712,1
4713,1
4714,1
4715,0
4716,1
4717,1
4718,2
4719,1
4720,1
4721,1
4722,1
4723,1
4724,1
4725,0
4726,2
4727,1
4728,0
4729,2
4730,1
4731,1
4732,0
4733,1
4734,2
4735,1
4736,2
4737,1
4738,2
4739,2
4740,1
4741,1
4742,2
4743,1
4744,1
4745,1
4746,1
4747,2
4748,0
4749,1
4750,2
4751,1
4752,1
4753,1
4754,2
4755,1
4756,1
4757,1
4758,1
4759,1
4760,1
4761,1
4762,1
4763,1
4764,1
4765,2
4766,1
4767,1
4768,1
4769,1
4770,1
4771,0
4772,1
4773,1
4774,2
4775,1
4776,1
4777,1
4778,1
4779,2
4780,1
4781,1
4782,1
4783,1
4784,0
4785,2
4786,0
4787,1
4788,2
4789,2
4790,2
4791,2
4792,1
4793,1
4794,2
4795,1
4796,2
4797,1
4798,1
4799,1
4800,2
4801,2
4802,0
4803,1
4804,1
4805,1
4806,2
4807,1
4808,0
4809,2
4810,2
4811,1
4812,1
4813,1
4814,2
4815,2
4816,2
4817,1
4818,1
4819,0
4820,1
4821,2
4822,1
4823,0
4824,2
4825,1
4826,2
4827,1
4828,1
4829,2
4830,1
4831,2
4832,2
4833,1
4834,2
4835,1
4836,1
4837,2
4838,1
4839,1
4840,1
4841,1
4842,1
4843,1
4844,1
4845,1
4846,1
4847,1
4848,1
4849,2
4850,1
4851,1
4852,2
4853,1
4854,1
4855,2
4856,1
4857,1
4858,1
4859,1
4860,1
4861,2
4862,1
4863,1
4864,1
4865,2
4866,1
4867,0
4868,2
4869,2
4870,1
4871,1
4872,1
4873,1
4874,1
4875,1
4876,1
4877,1
4878,1
4879,0
4880,1
4881,1
4882,2
4883,1
4884,0
4885,1
4886,1
4887,0
4888,2
4889,2
4890,1
4891,1
4892,1
4893,1
4894,1
4895,1
4896,1
4897,2
4898,2
4899,2
4900,1
4901,2
4902,1
4903,1
4904,0
4905,1
4906,2
4907,2
4908,2
4909,2
4910,1
4911,1
4912,1
4913,1
4914,1
4915,2
4916,1
4917,2
4918,2
4919,1
4920,1
4921,2
4922,2
4923,1
4924,1
4925,1
4926,1
4927,2
4928,2
4929,1
4930,1
4931,1
4932,2
4933,2
4934,2
4935,1
4936,1
4937,2
4938,1
4939,2
4940,2
4941,1
4942,2
4943,1
4944,1
4945,2
4946,2
4947,1
4948,0
4949,1
4950,0
4951,2
4952,1
4953,2
4954,1
4955,1
4956,2
4957,0
4958,0
4959,2
4960,1
4961,2
4962,2
4963,1
4964,2
4965,1
4966,1
4967,1
4968,1
4969,1
4970,1
4971,1
4972,2
4973,1
4974,1
4975,2
4976,1
4977,2
4978,1
4979,0
4980,2
4981,2
4982,1
4983,1
4984,1
4985,2
4986,1
4987,1
4988,1
4989,1
4990,1
4991,1
4992,1
4993,1
4994,2
4995,2
4996,1
4997,1
4998,1
4999,1
5000,0
5001,2
5002,2
5003,1
5004,1
5005,2
5006,1
5007,1
5008,2
5009,1
5010,1
5011,0
5012,1
5013,1
5014,2
5015,0
5016,1
5017,1
5018,2
5019,2
5020,1
5021,2
5022,1
5023,1
5024,1
5025,1
5026,0
5027,1
5028,1
5029,2
5030,1
5031,1
5032,1
5033,1
5034,2
5035,2
5036,1
5037,1
5038,2
5039,1
5040,1
5041,2
5042,2
5043,1
5044,1
5045,1
5046,0
5047,2
5048,1
5049,2
5050,1
5051,1
5052,1
5053,2
5054,0
5055,1
5056,2
5057,1
5058,1
5059,1
5060,1
5061,2
5062,1
5063,1
5064,1
5065,2
5066,1
5067,1
5068,1
5069,1
5070,0
5071,1
5072,1
5073,1
5074,0
5075,1
5076,1
5077,2
5078,1
5079,1
5080,1
5081,1
5082,2
5083,2
5084,2
5085,2
5086,2
5087,2
5088,1
5089,1
5090,0
5091,2
5092,1
5093,1
5094,1
5095,1
5096,2
5097,1
5098,1
5099,2
5100,0
5101,1
5102,2
5103,2
5104,1
5105,1
5106,1
5107,0
5108,2
5109,1
5110,1
5111,0
5112,2
5113,2
5114,1
5115,1
5116,1
5117,1
5118,1
5119,1
5120,2
5121,2
5122,1
5123,1
5124,2
5125,1
5126,2
5127,1
5128,1
5129,1
5130,1
5131,2
5132,1
5133,1
5134,1
5135,1
5136,2
5137,1
5138,2
5139,1
5140,2
5141,1
5142,2
5143,2
5144,1
5145,1
5146,1
5147,1
5148,1
5149,1
5150,1
5151,1
5152,1
5153,0
5154,1
5155,1
5156,0
5157,1
5158,2
5159,1
5160,1
5161,2
5162,1
5163,0
5164,1
5165,1
5166,1
5167,2
5168,1
5169,2
5170,1
5171,1
5172,0
5173,1
5174,1
5175,1
5176,1
5177,1
5178,2
5179,1
5180,1
5181,1
5182,2
5183,1
5184,2
5185,2
5186,1
5187,2
5188,1
5189,1
5190,1
5191,1
5192,1
5193,2
5194,1
5195,1
5196,1
5197,1
5198,2
5199,1
5200,1
5201,1
5202,1
5203,1
5204,1
5205,2
5206,1
5207,1
5208,2
5209,2
5210,1
5211,1
5212,1
5213,1
5214,1
5215,1
5216,1
5217,2
5218,1
5219,2
5220,0
5221,1
5222,2
5223,2
5224,1
5225,2
5226,1
5227,1
5228,1
5229,1
5230,2
5231,1
5232,2
5233,1
5234,2
5235,1
5236,2
5237,1
5238,1
5239,2
5240,1
5241,1
5242,1
5243,1
5244,1
5245,1
5246,1
5247,1
5248,1
5249,2
5250,2
5251,2
5252,1
5253,2
5254,1
5255,2
5256,0
5257,1
5258,1
5259,1
5260,2
5261,1
5262,1
5263,2
5264,2
5265,2
5266,1
5267,1
5268,0
5269,2
5270,1
5271,0
5272,1
5273,2
5274,1
5275,1
5276,1
5277,2
5278,2
5279,1
5280,1
5281,2
5282,2
5283,2
5284,1
5285,1
5286,2
5287,2
5288,1
5289,0
5290,1
5291,1
5292,1
5293,1
5294,2
5295,1
5296,1
5297,1
5298,1
5299,1
5300,2
5301,2
5302,1
5303,1
5304,1
5305,2
5306,0
5307,1
5308,1
5309,1
5310,1
5311,1
5312,0
5313,1
5314,1
5315,1
5316,1
5317,0
5318,1
5319,0
5320,1
5321,2
5322,1
5323,2
5324,2
5325,1
5326,1
5327,2
5328,1
5329,0
5330,1
5331,1
5332,1
5333,0
5334,1
5335,2
5336,1
5337,2
5338,1
5339,2
5340,1
5341,1
5342,2
5343,1
5344,2
5345,2
5346,1
5347,2
5348,1
5349,2
5350,2
5351,1
5352,2
5353,2
5354,1
5355,2
5356,1
5357,1
5358,1
5359,0
5360,1
5361,1
5362,1
5363,1
5364,0
5365,2
5366,1
5367,0
5368,1
5369,2
5370,1
5371,0
5372,1
5373,1
5374,1
5375,1
5376,2
5377,1
5378,1
5379,1
5380,1
5381,1
5382,1
5383,1
5384,1
5385,1
5386,2
5387,0
5388,1
5389,2
5390,2
5391,1
5392,1
5393,1
5394,0
5395,1
5396,1
5397,2
5398,1
5399,1
5400,1
5401,1
5402,1
5403,2
5404,2
5405,1
5406,1
5407,1
5408,1
5409,1
5410,1
5411,1
5412,2
5413,2
5414,1
5415,1
5416,1
5417,1
5418,2
5419,1
5420,1
5421,1
5422,1
5423,1
5424,2
5425,1
5426,2
5427,1
5428,2
5429,1
5430,1
5431,1
5432,2
5433,0
5434,2
5435,1
5436,1
5437,2
5438,1
5439,1
5440,1
5441,2
5442,1
5443,0
5444,1
5445,2
5446,1
5447,1
5448,2
5449,2
5450,2
5451,1
5452,2
5453,2
5454,1
5455,2
5456,1
5457,2
5458,2
5459,1
5460,1
5461,1
5462,1
5463,2
5464,1
5465,1
5466,2
5467,1
5468,2
5469,2
5470,1
5471,1
5472,2
5473,2
5474,1
5475,0
5476,1
5477,1
5478,1
5479,1
5480,1
5481,1
5482,0
5483,2
5484,2
5485,2
5486,1
5487,1
5488,2
5489,1
5490,1
5491,2
5492,2
5493,0
5494,1
5495,1
5496,1
5497,2
5498,1
5499,1
5500,1
5501,0
5502,1
5503,1
5504,0
5505,1
5506,1
5507,1
5508,1
5509,1
5510,1
5511,0
5512,2
5513,1
5514,1
5515,1
5516,1
5517,2
5518,1
5519,2
5520,2
5521,1
5522,0
5523,0
5524,1
5525,1
5526,2
5527,1
5528,1
5529,1
5530,0
5531,2
5532,1
5533,1
5534,1
5535,2
5536,0
5537,1
5538,2
5539,0
5540,1
5541,1
5542,1
5543,2
5544,1
5545,2
5546,1
5547,1
5548,1
5549,1
5550,0
5551,1
5552,1
5553,2
5554,1
5555,0
5556,2
5557,2
5558,2
5559,1
5560,1
5561,2
5562,1
5563,1
5564,1
5565,2
5566,1
5567,2
5568,2
5569,2
5570,2
5571,1
5572,1
5573,1
5574,2
5575,2
5576,2
5577,1
5578,1
5579,1
5580,0
5581,1
5582,1
5583,1
5584,1
5585,2
5586,1
5587,1
5588,1
5589,1
5590,1
5591,1
5592,2
5593,2
5594,1
5595,2
5596,2
5597,1
5598,2
5599,2
5600,2
5601,1
5602,1
5603,1
5604,2
5605,0
5606,1
5607,1
5608,1
5609,1
5610,1
5611,1
5612,1
5613,1
5614,0
5615,2
5616,2
5617,1
5618,1
5619,1
5620,2
5621,0
5622,1
5623,2
5624,2
5625,2
5626,2
5627,0
5628,1
5629,2
5630,2
5631,1
5632,1
5633,1
5634,2
5635,1
5636,0
5637,1
5638,1
5639,1
5640,1
5641,1
5642,1
5643,0
5644,1
5645,2
5646,2
5647,2
5648,2
5649,2
5650,2
5651,1
5652,1
5653,2
5654,2
5655,1
5656,1
5657,2
5658,1
5659,2
5660,1
5661,2
5662,1
5663,2
5664,2
5665,1
5666,1
5667,2
5668,1
5669,1
5670,1
5671,2
5672,1
5673,1
5674,1
5675,0
5676,1
5677,2
5678,2
5679,2
5680,1
5681,1
5682,0
5683,1
5684,0
5685,1
5686,2
5687,1
5688,1
5689,0
5690,1
5691,2
5692,1
5693,1
5694,1
5695,1
5696,1
5697,1
5698,2
5699,2
5700,1
5701,2
5702,1
5703,1
5704,1
5705,2
5706,2
5707,1
5708,1
5709,2
5710,1
5711,1
5712,1
5713,1
5714,1
5715,1
5716,2
5717,0
5718,2
5719,1
5720,2
5721,1
5722,2
5723,2
5724,1
5725,1
5726,2
5727,1
5728,2
5729,1
5730,1
5731,1
5732,1
5733,2
5734,2
5735,1
5736,2
5737,1
5738,0
5739,1
5740,1
5741,1
5742,1
5743,1
5744,0
5745,1
5746,1
5747,0
5748,1
5749,2
5750,1
5751,1
5752,1
5753,1
5754,2
5755,0
5756,1
5757,2
5758,2
5759,0
5760,1
5761,2
5762,2
5763,0
5764,1
5765,2
5766,1
5767,2
5768,1
5769,2
5770,1
5771,2
5772,1
5773,1
5774,1
5775,2
5776,2
5777,2
5778,1
5779,0
5780,2
5781,1
5782,1
5783,1
5784,1
5785,2
5786,2
5787,0
5788,0
5789,1
5790,1
5791,1
5792,2
5793,1
5794,2
5795,0
5796,1
5797,1
5798,2
5799,1
5800,1
5801,2
5802,1
5803,1
5804,1
5805,2
5806,1
5807,1
5808,1
5809,2
5810,1
5811,2
5812,0
5813,1
5814,1
5815,1
5816,1
5817,1
5818,1
5819,1
5820,1
5821,1
5822,1
5823,2
5824,0
5825,1
5826,2
5827,1
5828,1
5829,1
5830,1
5831,0
5832,1
5833,1
5834,1
5835,1
5836,1
5837,0
5838,2
5839,1
5840,2
5841,2
5842,1
5843,1
5844,1
5845,2
5846,1
5847,0
5848,2
5849,1
5850,1
5851,2
5852,2
5853,2
5854,2
5855,1
5856,1
5857,2
5858,2
5859,1
5860,1
5861,2
5862,2
5863,1
5864,1
5865,1
5866,1
5867,1
5868,1
5869,1
5870,1
5871,1
5872,2
5873,1
5874,2
5875,2
5876,1
5877,1
5878,0
5879,1
5880,0
5881,2
5882,1
5883,1
5884,1
5885,2
5886,0
5887,1
5888,0
5889,2
5890,2
5891,1
5892,1
5893,1
5894,1
5895,1
5896,1
5897,1
5898,1
5899,1
5900,1
5901,1
5902,1
5903,1
5904,1
5905,1
5906,2
5907,1
5908,2
5909,1
5910,1
5911,2
5912,2
5913,1
5914,1
5915,2
5916,0
5917,2
5918,1
5919,1
5920,2
5921,1
5922,2
5923,1
5924,2
5925,2
5926,1
5927,1
5928,1
5929,1
5930,1
5931,1
5932,1
5933,1
5934,1
5935,1
5936,1
5937,1
5938,2
5939,2
5940,1
5941,1
5942,2
5943,1
5944,1
5945,1
5946,1
5947,1
5948,2
5949,2
5950,0
5951,1
5952,2
5953,1
5954,0
5955,2
5956,2
5957,2
5958,2
5959,1
5960,1
5961,2
5962,1
5963,2
5964,0
5965,1
5966,1
5967,1
5968,1
5969,1
5970,1
5971,2
5972,0
5973,1
5974,2
5975,1
5976,1
5977,1
5978,2
5979,1
5980,2
5981,2
5982,2
5983,1
5984,1
5985,1
5986,1
5987,1
5988,1
5989,1
5990,2
5991,1
5992,1
5993,1
5994,2
5995,2
5996,0
5997,1
5998,1
5999,1
6000,0
6001,2
6002,2
6003,2
6004,1
6005,1
6006,1
6007,2
6008,1
6009,1
6010,2
6011,2
6012,1
6013,1
6014,1
6015,1
6016,0
6017,1
6018,2
6019,1
6020,1
6021,2
6022,1
6023,2
6024,2
6025,2
6026,1
6027,1
6028,1
6029,1
6030,2
6031,1
6032,1
6033,1
6034,1
6035,2
6036,0
6037,2
6038,1
6039,1
6040,2
